Timestamp,The title,Description,upload image (16:9),Year,img url
14/09/2025 01:53:15,mara,wa7ed,https://drive.google.com/open?id=1vWM1WKCK3bk5RRy3bub00bASrioZalal,07/06/2067,https://lh3.googleusercontent.com/d/1vWM1WKCK3bk5RRy3bub00bASrioZalal
14/09/2025 01:25:07,We have done it,"Ahmed kokcmmlfkkkkkkkkkkkkkkkkkkkkkkkkkkkkkkkavethdgopskfsdokfopsdeof,woepfwef
esiefk
gsrkvkjmkfwpfkwepojip;ir
WRGREGFDFNRTHTregrekfklek
REGRGEGREgrggrrrrrrrrr
GRrrrrrrrrrrrrrrrrrrrrrrrr
wregrgehjytjytjtj",https://drive.google.com/open?id=1ShCFCOrPSo6yQnosKHGrep94TZiOVAmW,13/11/2025,https://lh3.googleusercontent.com/d/1ShCFCOrPSo6yQnosKHGrep94TZiOVAmW
13/09/2025 23:38:19,NCSS has published there new Website,"NCSS has published there new Website
NCSS has published there new Website
NCSS has published there new WebsiteNCSS has published there new Website
NCSS has published there new WebsiteNCSS has published there new WebsiteNCSS has published there new Website
NCSS has published there ",https://lh3.googleusercontent.com/d/1T8CenV4TbwO-2Q2j9_eJgMiz-tz5kg2S,2025,https://lh3.googleusercontent.com/d/1T8CenV4TbwO-2Q2j9_eJgMiz-tz5kg2S
13/09/2025 23:38:19,NCSS has published there new Website,"NCSS has published there new Website
NCSS has published there new Website
NCSS has published there new WebsiteNCSS has published there new Website
NCSS has published there new WebsiteNCSS has published there new WebsiteNCSS has published there new Website
NCSS has published there ",https://lh3.googleusercontent.com/d/1T8CenV4TbwO-2Q2j9_eJgMiz-tz5kg2S,2025,https://lh3.googleusercontent.com/d/1T8CenV4TbwO-2Q2j9_eJgMiz-tz5kg2S
13/09/2025 23:38:19,NCSS has published there new Website,"NCSS has published there new Website
NCSS has published there new Website
NCSS has published there new WebsiteNCSS has published there new Website
NCSS has published there new WebsiteNCSS has published there new WebsiteNCSS has published there new Website
NCSS has published there ",,2025,